Sarah,Cook,10-8-1997,857-702-4050,9736 Paul Crossroad Apt. 396,Johnsonburgh,Arizona,81610
Alexandra,Peterson,1-27-1960,+1-943-872-4899x37675,325 Samuel Knoll Apt. 465,South Josephhaven,Illinois,74586
Sara,Little,8-10-1978,857.707.3959x858,118 Tanner Forges Suite 141,Webbside,Oregon,85329
Christopher,Singleton,4-9-1944,001-561-788-9997x00105,834 Sharon Stream Apt. 350,North Thomaston,South Carolina,25133
Kristin,Garcia,8-27-1999,+1-813-867-8248x68925,275 Branch Island Apt. 401,Bautistaburgh,North Carolina,37728
Logan,Spencer,6-20-1996,088.106.4276x4973,45892 Carolyn Track Apt. 191,East Kenneth,Oklahoma,37022
Dave,Rose,1-5-1993,001-436-411-6182x98970,19408 Ward Manors Suite 451,New Nicole,Minnesota,69674
Douglas,Jenkins,11-15-2000,860-728-6548x262,5220 Michael Key Suite 399,Sandyborough,Virginia,86451
Brenda,Wright,3-18-1989,(673)426-1973x81279,477 Cheryl Stream Apt. 549,Gatesborough,Indiana,89065
Michael,Clark,11-10-1963,001-652-603-3330,36329 Norton Flat,Micheleview,Kansas,76721
